Historical Pearl Cooperation,Iran,historicalpearlcooperation.com,146600,Click
Succinct Protein Group,Guinea-Bissau,succinctproteingroup.com,781500,Basin
Muddled Outset Group,Finland,muddledoutsetgroup.com,822400,Kingfish
Cold Creche Inc.,Tajikistan,coldcrecheinc..com,485200,Inside
Ritzy Contingency Cooperation,Congo Democratic Rep,ritzycontingencycooperation.com,670200,Supervision
Different Condition Inc.,Dominica,differentconditioninc..com,60100,Someplace
Discreet Equality Imternational,Dominica,discreetequalityimternational.com,133400,Preoccupation
Giant Left Imternational,Vatican City,giantleftimternational.com,520800,Pressurization
Garrulous Clay Company,Botswana,garrulousclaycompany.com,423000,Packaging
Vengeful Pineapple Group,Jordan,vengefulpineapplegroup.com,790500,Learning
Wistful Eponym Cooperation,Afghanistan,wistfuleponymcooperation.com,167400,Wonder
Hungry Tailbud Group,Slovenia,hungrytailbudgroup.com,134700,Mechanism
Dynamic Subprime Imternational,Saudi Arabia,dynamicsubprimeimternational.com,800100,Nun
Awful Consulting Team,Guinea-Bissau,awfulconsultingteam.com,386000,Crib
Tense Cancer Company,Bolivia,tensecancercompany.com,20600,Native
Abandoned Revival Imternational,Ireland Republic,abandonedrevivalimternational.com,700200,Taxi
Flagrant Snorer Inc.,Congo,flagrantsnorerinc..com,141700,Emerald
Imperfect Bike Imternational,Andorra,imperfectbikeimternational.com,207500,Hammock
Snobbish Ambition Cooperation,India,snobbishambitioncooperation.com,886700,Conception
Stupid Razor Imternational,Nepal,stupidrazorimternational.com,53100,Wallet
Ritzy Rule Cooperation,Bulgaria,ritzyrulecooperation.com,593400,Count
Annoyed Curtailment Cooperation,Haiti,annoyedcurtailmentcooperation.com,407300,Patience
Efficacious Hydrocarb Inc.,Haiti,efficacioushydrocarbinc..com,556100,Player
Macabre Alcove Company,Spain,macabrealcovecompany.com,997500,Fallacy
Irate Loincloth Company,Costa Rica,irateloinclothcompany.com,268700,Councilperson
Enchanting Centre Group,France,enchantingcentregroup.com,106400,Somewhere
Accurate Credit Team,Ecuador,accuratecreditteam.com,742800,Hometown
Mushy Caution Company,Mauritius,mushycautioncompany.com,555000,Feel
Wretched Roller Team,Dominica,wretchedrollerteam.com,623700,Carpeting
Clean Yang Cooperation,Italy,cleanyangcooperation.com,845900,Cartridge
Harsh Script Cooperation,Estonia,harshscriptcooperation.com,766700,Yacht
Various Spring Team,Micronesia,variousspringteam.com,83300,Garden
Debonair Walk Team,Sao Tome & Principe,debonairwalkteam.com,556200,Billing
Shallow Snowsuit Cooperation,Kyrgyzstan,shallowsnowsuitcooperation.com,60800,Polish
Mature Weekender Cooperation,Azerbaijan,matureweekendercooperation.com,429900,Gas
Earthy Skirt Imternational,Monaco,earthyskirtimternational.com,297200,Maracas
Righteous Responsibility Team,Vietnam,righteousresponsibilityteam.com,366800,Pump
Tawdry Fellow Inc.,Colombia,tawdryfellowinc..com,947000,Keyboarding
Eager Threshold Cooperation,Botswana,eagerthresholdcooperation.com,266600,Conduct
Glib Acrylic Imternational,Benin,glibacrylicimternational.com,587700,Advertising
Willing Sash Team,Singapore,willingsashteam.com,689400,Evaluator
Grouchy Hearth Inc.,Benin,grouchyhearthinc..com,13800,Relative
Nonstop Countess Team,Nigeria,nonstopcountessteam.com,112900,Examination
Dramatic Aid Imternational,Congo Democratic Rep,dramaticaidimternational.com,509200,Push
Spicy Debris Team,Honduras,spicydebristeam.com,493000,Dragster
Truculent Bookcase Cooperation,Bosnia Herzegovina,truculentbookcasecooperation.com,888400,Courage
Ablaze Average Company,Korea North,ablazeaveragecompany.com,753500,Bandanna
Literate Hospitalization Team,Senegal,literatehospitalizationteam.com,143600,Alpha
Innocent Acrylic Company,Morocco,innocentacryliccompany.com,328100,Savings
Glib Lyocell Cooperation,Malawi,gliblyocellcooperation.com,993400,Playwright
